Harley Benton;759
Harley Benton;539
Harley Benton;488
Harley Benton;759
Harley Benton;759
Harley Benton;759
Marcus Miller;2090
Harley Benton;1379
Harley Benton;719
Harley Benton;719
Harley Benton;719
Harley Benton;719
Harley Benton;719
Harley Benton;719
Harley Benton;666
Squier;1899
Fender;3999
Marcus Miller;1666
Marcus Miller;2333
Fender;3955
Marcus Miller;2077
Marcus Miller;2490
Fender;5099
Marcus Miller;1655
Marcus Miller;2090
Marcus Miller;2333
Fender;3959
Marcus Miller;1699
Fender;5790
Harley Benton;1333
Harley Benton;444
Fender;4099
Squier;1855
Fender;5333
Harley Benton;1035
Squier;1169
Fender;5899
Harley Benton;1444
Squier;1890
Marcus Miller;4090
Marcus Miller;1666
Fender;1879
Squier;6790
Marcus Miller;1169
Squier;9499
Fender;5399
FGN;1899
Squier;9590
Fender;5399
FGN;1899
Squier;3990
Fender;1799
Marcus Miller;498
Harley Benton;1169
Fender;1999
Sandberg;1444
Squier;855
Squier;1655
Harley Benton;6444
Harley Benton;629
Marcus Miller;1190
Fender;2111
Harley Benton;9499
Harley Benton;2390
Marcus Miller;839
Fender;9590
Cort;3999
Harley Benton;1175
Sandberg;1625
Fender;1379
Fender;3890
Squier;5599
Marcus Miller;6499
Harley Benton;2199
Fender;2199
Fender;1333
Fender;2199
Marcus Miller;6333
Marcus Miller;1899
Harley Benton;2390
Marcus Miller;9499
Fender;1625
Squier;5199
Cort;9333
Fender;4090
Marcus Miller;5555
Fender;9590
Fender;7299
Marcus Miller;1625
Fender;6790
Fender;2199
Fender;8899
Marcus Miller;835
Marcus Miller;835
Fender;4222
Cort;615
Sandberg;835
Fender;8999
Fender;1599
Harley Benton;6444
Sadowsky;2168
Harley Benton;2259
Sadowsky;6399
Sandberg;629
Harley Benton;1625
Harley Benton;835
Sandberg;2259
Sadowsky;1150
Harley Benton;1199
Fender;6555
Cort;8099
Marcus Miller;7899
Fender;4499
Harley Benton;777
Marcus Miller;1490
Harley Benton;777
Sandberg;835
Marcus Miller;755
Harley Benton;1399
Sandberg;1555
Harley Benton;1333
Fender;9699
Sandberg;3959
Sandberg;5999
Cort;1444
Harley Benton;4090
Harley Benton;9399
Harley Benton;1499
Harley Benton;9699
Sandberg;8499
Harley Benton;1111
Harley Benton;9299
Harley Benton;2699
Harley Benton;8299
Sadowsky;4099
Sandberg;3599
Fender;2490
Fender;1639
Harley Benton;9899
Marcus Miller;1250
Sandberg;4399
Harley Benton;6699
Sandberg;1548
Sandberg;1333
Cort;9490
Sandberg;9333
G&L;5199
Sandberg;2499
Fender;2666
Sadowsky;849
G&L;3499
Harley Benton;1625
Sandberg;3599
Harley Benton;699
Cort;1199
Fender;5199
Fender;3399
Harley Benton;839
Cort;1545
Fender;1266
Fender;8099
Fender;1533
Fender;8499
FGN;8099
Fender;7599
Fender;2111
Markbass;4222
Markbass;7499
Harley Benton;6299
Fender;8499
Fender;9399
Sadowsky;9499
Fender;9199
Marcus Miller;8098
Sadowsky;7899
Harley Benton;1299
Harley Benton;8098
Fender;8299
FGN;9666
Fender;3699
Fender;7999
Fender;5890
Sadowsky;9899
Sadowsky;2999
Sandberg;3111
Harley Benton;4499
Fender;1111
Sadowsky;5099
Sadowsky;1079
Fender;1499
Sadowsky;3699
Fender;7790
Fender;2199
Hamaril;9199
Fender;1266